,CDR3,Antigen,HLA
0,CASSLSFGTEAFF,SMLGIGIYPV,A*02:01
1,CASSLSFGTEAFF,LMFDRGMSLL,A*02:01
2,CASSLSFGTEAFF,ILEDRGFNQV,A*02:01
3,CASSLSFGTEAFF,MMWDRGLGMM,A*02:01
4,CASSLSFGTEAFF,NLSNLGILPV,A*02:01
5,CASSLSFGTEAFF,IMEDVGWLNV,A*02:01
6,CASSLSFGTEAFF,NMGGLGIMPV,A*02:01
7,CASSLSFGTEAFF,MMWDRGMGLL,A*02:01
8,CASSLSFGTEAFF,SMAGIGIVDV,A*02:01
9,CASSLSFGTEAFF,SMLGIGIVPV,A*02:01
10,CASSQNYEQYF,ALDSRSEHFM,A*02:01
11,CASSQNYEQYF,AMDSRADMFV,A*02:01
12,CASSQNYEQYF,SMNSREEVFV,A*02:01
13,CASSQNYEQYF,IMDSKSENFL,A*02:01
14,CASSQNYEQYF,SMNSHSGTFL,A*02:01
15,CAWSETGLGTGELFFG,ELAGIGILTV,A*02:01
16,CAWSETGLGLIGGWQFG,ELAGIGILTV,A*02:01
17,CAWSETGLNEGGEFFG,ELAGIGILTV,A*02:01
18,CASSLSFGTEAFF,AAGIGILTV,A*02:01
19,CASSLSFGTEAFF,ELAGIGILTV,A*02:01
20,CAISEVGVGQPQHF,EAAGIGILTV,A*02:01
21,CAISEVGVGQPQHF,AAGIGILTV,A*02:01
22,CAISEVGVGQPQHF,ELAGIGILTV,A*02:01
23,CASSLSAVQNNEQF,SLYNTVATL,A*02:01
24,CASSIRSSYEQ,GILGFVFTL,A*02:01
25,CASSISSTGEL,GILGFVFTL,A*02:01
26,CASSIGVYGY,GILGFVFTL,A*02:01
27,CASSSRSSYEQ,GILGFVFTL,A*02:01
28,CAWSETGLGMGGWQFG,ELAGIGILTV ,A*02:01
29,CAWSETGLGTGELFFG,ELAGIGILTV ,A*02:01
30,CASSFDAEAF,ALFNTVATL,A*02:01
31,CASSFDAEAF,CLFNTVATL,A*02:01
32,CASSFDAEAF,DLFNTVATL,A*02:01
33,CASSFDAEAF,ELFNTVATL,A*02:01
34,CASSFDAEAF,FLFNTVATL,A*02:01
35,CASSFDAEAF,GLFNTVATL,A*02:01
36,CASSFDAEAF,HLFNTVATL,A*02:01
37,CASSFDAEAF,ILFNTVATL,A*02:01
38,CASSFDAEAF,KLFNTVATL,A*02:01
39,CASSFDAEAF,LLFNTVATL,A*02:01
40,CASSFDAEAF,MLFNTVATL,A*02:01
41,CASSFDAEAF,NLFNTVATL,A*02:01
42,CASSFDAEAF,PLFNTVATL,A*02:01
43,CASSFDAEAF,QLFNTVATL,A*02:01
44,CASSFDAEAF,RLFNTVATL,A*02:01
45,CASSFDAEAF,SLFNTVATL,A*02:01
46,CASSFDAEAF,TLFNTVATL,A*02:01
47,CASSFDAEAF,VLFNTVATL,A*02:01
48,CASSFDAEAF,WLFNTVATL,A*02:01
49,CASSFDAEAF,SIFNTVATL,A*02:01
50,CASSFDAEAF,SMFNTVATL,A*02:01
51,CASSFDAEAF,STFNTVATL,A*02:01
52,CASSFDAEAF,SVFNTVATL,A*02:01
53,CASSFDAEAF,SLCNTVATL,A*02:01
54,CASSFDAEAF,SLWNTVATL,A*02:01
55,CASSFDAEAF,SLYNTVATL,A*02:01
56,CASSFDAEAF,SLFCTVATL,A*02:01
57,CASSFDAEAF,SLFHTVATL,A*02:01
58,CASSFDAEAF,SLFWTVATL,A*02:01
59,CASSFDAEAF,SLFYTVATL,A*02:01
60,CASSFDAEAF,SLFNSVATL,A*02:01
61,CASSFDAEAF,SLFNTFATL,A*02:01
62,CASSFDAEAF,SLFNTGATL,A*02:01
63,CASSFDAEAF,SLFNTIATL,A*02:01
64,CASSFDAEAF,SLFNTKATL,A*02:01
65,CASSFDAEAF,SLFNTLATL,A*02:01
66,CASSFDAEAF,SLFNTPATL,A*02:01
67,CASSFDAEAF,SLFNTTATL,A*02:01
68,CASSFDAEAF,SLFNTVCTL,A*02:01
69,CASSFDAEAF,SLFNTVETL,A*02:01
70,CASSFDAEAF,SLFNTVGTL,A*02:01
71,CASSFDAEAF,SLFNTVITL,A*02:01
72,CASSFDAEAF,SLFNTVLTL,A*02:01
73,CASSFDAEAF,SLFNTVMTL,A*02:01
74,CASSFDAEAF,SLFNTVPTL,A*02:01
75,CASSFDAEAF,SLFNTVRTL,A*02:01
76,CASSFDAEAF,SLFNTVSTL,A*02:01
77,CASSFDAEAF,SLFNTVTTL,A*02:01
78,CASSFDAEAF,SLFNTVVTL,A*02:01
79,CASSFDAEAF,SLFNTVWTL,A*02:01
80,CASSFDAEAF,SLFNTVAIL,A*02:01
81,CASSFDAEAF,SLFNTVALL,A*02:01
82,CASSFDAEAF,SLFNTVATF,A*02:01
83,CASSFDAEAF,SLFNTVATI,A*02:01
84,CASSFDAEAF,SLFNTVATM,A*02:01
85,CASSFDAEAF,SLFNTVATP,A*02:01
86,CASSFDAEAF,SLFNTVATT,A*02:01
87,CASSFDAEAF,SLFNTVATV,A*02:01
88,CATSSTGTGGGETQY,ALFNTVATL,A*02:01
89,CATSSTGTGGGETQY,CLFNTVATL,A*02:01
90,CATSSTGTGGGETQY,DLFNTVATL,A*02:01
91,CATSSTGTGGGETQY,ELFNTVATL,A*02:01
92,CATSSTGTGGGETQY,FLFNTVATL,A*02:01
93,CATSSTGTGGGETQY,GLFNTVATL,A*02:01
94,CATSSTGTGGGETQY,HLFNTVATL,A*02:01
95,CATSSTGTGGGETQY,ILFNTVATL,A*02:01
96,CATSSTGTGGGETQY,KLFNTVATL,A*02:01
97,CATSSTGTGGGETQY,LLFNTVATL,A*02:01
98,CATSSTGTGGGETQY,MLFNTVATL,A*02:01
99,CATSSTGTGGGETQY,NLFNTVATL,A*02:01
100,CATSSTGTGGGETQY,PLFNTVATL,A*02:01
101,CATSSTGTGGGETQY,QLFNTVATL,A*02:01
102,CATSSTGTGGGETQY,SLFNTVATL,A*02:01
103,CATSSTGTGGGETQY,TLFNTVATL,A*02:01
104,CATSSTGTGGGETQY,VLFNTVATL,A*02:01
105,CATSSTGTGGGETQY,WLFNTVATL,A*02:01
106,CATSSTGTGGGETQY,YLFNTVATL,A*02:01
107,CATSSTGTGGGETQY,SAFNTVATL,A*02:01
108,CATSSTGTGGGETQY,SIFNTVATL,A*02:01
109,CATSSTGTGGGETQY,SKFNTVATL,A*02:01
110,CATSSTGTGGGETQY,SMFNTVATL,A*02:01
111,CATSSTGTGGGETQY,SQFNTVATL,A*02:01
112,CATSSTGTGGGETQY,STFNTVATL,A*02:01
113,CATSSTGTGGGETQY,SVFNTVATL,A*02:01
114,CATSSTGTGGGETQY,SLHNTVATL,A*02:01
115,CATSSTGTGGGETQY,SLINTVATL,A*02:01
116,CATSSTGTGGGETQY,SLPNTVATL,A*02:01
117,CATSSTGTGGGETQY,SLYNTVATL,A*02:01
118,CATSSTGTGGGETQY,SLFCTVATL,A*02:01
119,CATSSTGTGGGETQY,SLFDTVATL,A*02:01
120,CATSSTGTGGGETQY,SLFNSVATL,A*02:01
121,CATSSTGTGGGETQY,SLFNTIATL,A*02:01
122,CATSSTGTGGGETQY,SLFNTLATL,A*02:01
123,CATSSTGTGGGETQY,SLFNTYATL,A*02:01
124,CATSSTGTGGGETQY,SLFNTVETL,A*02:01
125,CATSSTGTGGGETQY,SLFNTVGTL,A*02:01
126,CATSSTGTGGGETQY,SLFNTVMTL,A*02:01
127,CATSSTGTGGGETQY,SLFNTVPTL,A*02:01
128,CATSSTGTGGGETQY,SLFNTVAAL,A*02:01
129,CATSSTGTGGGETQY,SLFNTVACL,A*02:01
130,CATSSTGTGGGETQY,SLFNTVAIL,A*02:01
131,CATSSTGTGGGETQY,SLFNTVAKL,A*02:01
132,CATSSTGTGGGETQY,SLFNTVAML,A*02:01
133,CATSSTGTGGGETQY,SLFNTVANL,A*02:01
134,CATSSTGTGGGETQY,SLFNTVARL,A*02:01
135,CATSSTGTGGGETQY,SLFNTVASL,A*02:01
136,CATSSTGTGGGETQY,SLFNTVAVL,A*02:01
137,CATSSTGTGGGETQY,SLFNTVATA,A*02:01
138,CATSSTGTGGGETQY,SLFNTVATE,A*02:01
139,CATSSTGTGGGETQY,SLFNTVATF,A*02:01
140,CATSSTGTGGGETQY,SLFNTVATG,A*02:01
141,CATSSTGTGGGETQY,SLFNTVATI,A*02:01
142,CATSSTGTGGGETQY,SLFNTVATM,A*02:01
143,CATSSTGTGGGETQY,SLFNTVATN,A*02:01
144,CATSSTGTGGGETQY,SLFNTVATP,A*02:01
145,CATSSTGTGGGETQY,SLFNTVATQ,A*02:01
146,CATSSTGTGGGETQY,SLFNTVATS,A*02:01
147,CATSSTGTGGGETQY,SLFNTVATT,A*02:01
148,CATSSTGTGGGETQY,SLFNTVATV,A*02:01
149,CASSSYRVQGASENIQY,SLFNTVATL,A*02:01
150,CASSGTEDEKLF,SLFNTVATL,A*02:01
151,CASSSYRVQGASENIQY,SLYNTVATL,A*02:01
152,CASSSHDTGGYNSPLHFG,TPRVTGGGAM,B*07:02
153,CASSFRDYGNYEQYFG,TPRVTGGGAM,B*07:02
154,CASSIGPALNTEAFFG,TPRVTGGGAM,B*07:02
155,CASSLHDRGSRTEAFFG,TPRVTGGGAM,B*07:02
156,CASKVGAGGLYEQYFG,TPRVTGGGAM,B*07:02
157,CASSLIGVSSYNEQFFG,TPRVTGGGAM,B*07:02
158,CASSLIGVSSYNEQFFQ,TPRVTGGGAM,B*07:02
159,CASSSHDRQGASSPLHFG,TPRVTGGGAM,B*07:02
160,CASSSHDTGGYNSPLHFG,EFFWDANDIY,A*02:01
161,CASSFRDYGNYEQYFG,EFFWDANDIY,A*02:01
162,CASSIGPALNTEAFFG,EFFWDANDIY,A*02:01
163,CASMGNSAGANVLTFG,NLVPMVATV,A*02:01
164,CASSSANYGYTFG,NLVPMVATV,A*02:01
165,CASSSVSEAFFG,NLVPMVATV,A*02:01
166,CASSSVNEQFFG,NLVPMVATV,A*02:01
167,CASSYQTGTGNYGYTFG,NLVPMVATV,A*02:01
168,CASSYSGHVYEQYFG,NLVPMVATV,A*02:01
169,CASRGQGFSYEQYFG,NLVPMVATV,A*02:01
170,CASSFLGLNEQFFG,NLVPMVATV,A*02:01
171,CASSLDIPSYNEQFFG,NLVPMVATV,A*02:01
172,CASSQAALAGFGYEQYFG,TPRVTGGGAM,B*07:02
173,CASSPARNTEAFFG,TPRVTGGGAM,B*07:02
174,CASSPSRNTEAFFG,TPRVTGGGAM,B*07:02
175,CASSPHRNTEAFFG,TPRVTGGGAM,B*07:02
176,CASSIFGEQFF, NEGVKAAW,B*44:03
177,CASSIFGELFF, NEGVKAAW,B*44:03
178,CAVGNNAGNMLTF, NEGVKAAW,B*44:03
179,CAVGANAGNMLTF, NEGVKAAW,B*44:03
180,CASPGLAGEYEQYF,SPEPLPQGQLTAY,B*35:08
181,CASPGLAGEYEQYF,VPEPLPQGQLTAY,B*35:08
182,CASPGLAGEYEQYF,YPEPLPQGQLTAY,B*35:08
183,CASPGLAGEYEQYF,LPDPLPQGQLTAY,B*35:08
184,CASPGLAGEYEQYF,LPEPSPQGQLTAY,B*35:08
185,CASPGLAGEYEQYF,LPEPVPQGQLTAY,B*35:08
186,CASPGLAGEYEQYF,LPEPDPQGQLTAY,B*35:08
187,CASPGLAGEYEQYF,LPEPLPQSQLTAY,B*35:08
188,CASPGLAGEYEQYF,LPEPLPQDQLTAY,B*35:08
189,CASPGLAGEYEQYF,LPEPLPQGSLTAY,B*35:08
190,CASPGLAGEYEQYF,LPEPLPQGVLTAY,B*35:08
191,CASPGLAGEYEQYF,LPEPLPQGKLTAY,B*35:08
192,CASPGLAGEYEQYF,LPEPLPQGDLTAY,B*35:08
193,CASPGLAGEYEQYF,LPEPLPQGYLTAY,B*35:08
194,CASPGLAGEYEQYF,LPEPLPQGQSTAY,B*35:08
195,CASPGLAGEYEQYF,LPEPLPQGQVTAY,B*35:08
196,CASPGLAGEYEQYF,LPEPLPQGQKTAY,B*35:08
197,CASPGLAGEYEQYF,LPEPLPQGQDTAY,B*35:08
198,CASPGLAGEYEQYF,LPEPLPQGQYTAY,B*35:08
199,CASPGLAGEYEQYF,LPEPLPQGQLSAY,B*35:08
200,CASPGLAGEYEQYF,LPEPLPQGQLVAY,B*35:08
201,CASPGLAGEYEQYF,LPEPLPQGQLKAY,B*35:08
202,CASPGLAGEYEQYF,LPEPLPQGQLDAY,B*35:08
203,CASPGLAGEYEQYF,LPEPLPQGQLYAY,B*35:08
204,CASPGLAGEYEQYF,LPEPLPQGQLTSY,B*35:08
205,CASPGLAGEYEQYF,LPEPLPQGQLTVY,B*35:08
206,CASPGLAGEYEQYF,LPEPLPQGQLTKY,B*35:08
207,CASPGLAGEYEQYF,LPEPLPQGQLTDY,B*35:08
208,CASPGLAGEYEQYF,LPEPLPQGQLTYY,B*35:08
209,CASPGETEAFF,SPEPLPQGQLTAY,B*35:08
210,CASPGETEAFF,VPEPLPQGQLTAY,B*35:08
211,CASPGETEAFF,YPEPLPQGQLTAY,B*35:08
212,CASPGETEAFF,LPDPLPQGQLTAY,B*35:08
213,CASPGETEAFF,LPEGLPQGQLTAY,B*35:08
214,CASPGETEAFF,LPEPVPQGQLTAY,B*35:08
215,CASPGETEAFF,LPEPLPQAQLTAY,B*35:08
216,CASPGETEAFF,LPEPLPQSQLTAY,B*35:08
217,CASPGETEAFF,LPEPLPQGSLTAY,B*35:08
218,CASPGETEAFF,LPEPLPQGVLTAY,B*35:08
219,CASPGETEAFF,LPEPLPQGKLTAY,B*35:08
220,CASPGETEAFF,LPEPLPQGDLTAY,B*35:08
221,CASPGETEAFF,LPEPLPQGYLTAY,B*35:08
222,CASPGETEAFF,LPEPLPQGQGTAY,B*35:08
223,CASPGETEAFF,LPEPLPQGQSTAY,B*35:08
224,CASPGETEAFF,LPEPLPQGQVTAY,B*35:08
225,CASPGETEAFF,LPEPLPQGQDTAY,B*35:08
226,CASPGETEAFF,LPEPLPQGQYTAY,B*35:08
227,CASPGETEAFF,LPEPLPQGQLGAY,B*35:08
228,CASPGETEAFF,LPEPLPQGQLSAY,B*35:08
229,CASPGETEAFF,LPEPLPQGQLVAY,B*35:08
230,CASPGETEAFF,LPEPLPQGQLKAY,B*35:08
231,CASPGETEAFF,LPEPLPQGQLDAY,B*35:08
232,CASPGETEAFF,LPEPLPQGQLYAY,B*35:08
233,CASPGETEAFF,LPEPLPQGQLTGY,B*35:08
234,CASPGETEAFF,LPEPLPQGQLTSY,B*35:08
235,CASPGETEAFF,LPEPLPQGQLTVY,B*35:08
236,CASPGETEAFF,LPEPLPQGQLTKY,B*35:08
237,CASPGETEAFF,LPEPLPQGQLTDY,B*35:08
238,CASPGETEAFF,LPEPLPQGQLTYY,B*35:08
239,CASSRTGSTYEQYF,VPEPLPQGQLTAY,B*35:08
240,CASSRTGSTYEQYF,LPDPLPQGQLTAY,B*35:08
241,CASSRTGSTYEQYF,LPEPLPGGQLTAY,B*35:08
242,CASSRTGSTYEQYF,LPEPLPSGQLTAY,B*35:08
243,CASSRTGSTYEQYF,LPEPLPVGQLTAY,B*35:08
244,CASSRTGSTYEQYF,LPEPLPKGQLTAY,B*35:08
245,CASSRTGSTYEQYF,LPEPLPDGQLTAY,B*35:08
246,CASSRTGSTYEQYF,LPEPLPYGQLTAY,B*35:08
247,CASSRTGSTYEQYF,LPEPLPQAQLTAY,B*35:08
248,CASSRTGSTYEQYF,LPEPLPQSQLTAY,B*35:08
249,CASSRTGSTYEQYF,LPEPLPQKQLTAY,B*35:08
250,CASSRTGSTYEQYF,LPEPLPQDQLTAY,B*35:08
251,CASSRTGSTYEQYF,LPEPLPQYQLTAY,B*35:08
252,CASSRTGSTYEQYF,LPEPLPQGGLTAY,B*35:08
253,CASSRTGSTYEQYF,LPEPLPQGSLTAY,B*35:08
254,CASSRTGSTYEQYF,LPEPLPQGVLTAY,B*35:08
255,CASSRTGSTYEQYF,LPEPLPQGKLTAY,B*35:08
256,CASSRTGSTYEQYF,LPEPLPQGDLTAY,B*35:08
257,CASSRTGSTYEQYF,LPEPLPQGYLTAY,B*35:08
258,CASSRTGSTYEQYF,LPEPLPQGQSTAY,B*35:08
259,CASSRTGSTYEQYF,LPEPLPQGQVTAY,B*35:08
260,CASSRTGSTYEQYF,LPEPLPQGQDTAY,B*35:08
261,CASSRTGSTYEQYF,LPEPLPQGQYTAY,B*35:08
262,CASSRTGSTYEQYF,LPEPLPQGQLSAY,B*35:08
263,CASSRTGSTYEQYF,LPEPLPQGQLVAY,B*35:08
264,CASSRTGSTYEQYF,LPEPLPQGQLKAY,B*35:08
265,CASSRTGSTYEQYF,LPEPLPQGQLDAY,B*35:08
266,CASSRTGSTYEQYF,LPEPLPQGQLYAY,B*35:08
267,CASSRTGSTYEQYF,LPEPLPQGQLTGY,B*35:08
268,CASSRTGSTYEQYF,LPEPLPQGQLTSY,B*35:08
269,CASSRTGSTYEQYF,LPEPLPQGQLTDY,B*35:08
270,CASSFRGGKTQY,IPLTEEAEL,B*35:01
271,CASSFRGGKTQY,IPLTEEAEL,B*53:01
272,CASSFRGGKTQY,IPLTEEAEF,B*35:01
273,CASSFRGGKTQY,IPLTEEAEF,B*53:01
274,CASGPPLRGNYGY,FLRGRAYGL,B*08:01
275,CASSPRVSGGNYEQ,FLRGRAYGL,B*08:01
276,CASSHGTSGILETQ,FLRGRAYGL,B*08:01
277,CASSFTWTSGGATDTQ,FLRGRAYGL,B*08:01
278,CASSLFPTGSTAGEL,FLRGRAYGL,B*08:01
279,CASSLGQAYEQ,FLRGRAYGL,B*08:01
280,CASSLGLNTIY,TPQDLNTML,B*42:01
281,CASSQEGGGQGQPQH,TPQDLNTML,B*42:01
282,CASSLGANTIY,TPQDLNTML,B*42:01
283,CASSVDKGGADEQF,IIKDYGKQMA,B*42:01
284,CASSVDKGGTDTQY,IIKDYGKQMA,B*42:01
285,CASSEDKGGGDTQY,IIKDYGKQMA,B*42:01
286,CVSSVDKGGTDTQY,IIKDYGKQMA,B*42:01
287,CASSVPGAGEETQY,LLFGYPVYV,A*02:01
288,CASSSPGQGNYEQY,LLFGYPVYV,A*02:01
289,CASSTPGQGAYEQY,LLFGYPVYV,A*02:01
290,CASSYPGQGEHEQY,LLFGYPVYV,A*02:01
291,CASSSPGTGVNEQF,LLFGYPVYV,A*02:01
292,CASSSPGTGVNEQF,LGYGFVNYV,A*02:01
293,CASSSPGTGVNEQF,MLWGYLQYV,A*02:01
294,CASSVPGAGEETQY,LLFGYPVVV,A*02:01
295,CASSVPGAGEETQY,LLFGYPVLV,A*02:01
296,CASSVPGAGEETQY,LLFGYPVIV,A*02:01
297,CASSVPGAGEETQY,LLFGYPVMV,A*02:01
298,CASSVPGAGEETQY,LLFGYPVFV,A*02:01
299,CASSVPGAGEETQY,LLFGYPVWV,A*02:01
300,CASSVPGAGEETQY,LLFGYPVHV,A*02:01
301,CASSVPGAGEETQY,LLFGYPVRV,A*02:01
302,CASSVPGAGEETQY,LLFGYPVKV,A*02:01
303,CASSVPGAGEETQY,LLFGYPVDV,A*02:01
304,CASSVPGAGEETQY,LLFGYPVEV,A*02:01
305,CASSVPGAGEETQY,LLFGYPVNV,A*02:01
306,CASSVPGAGEETQY,LLFGYPVQV,A*02:01
307,CASSVPGAGEETQY,LLFGYPVSV,A*02:01
308,CASSVPGAGEETQY,LLFGYPVTV,A*02:01
309,CASSSPGQGNYEQY,LLFGYPVVV,A*02:01
310,CASSSPGQGNYEQY,LLFGYPVLV,A*02:01
311,CASSSPGQGNYEQY,LLFGYPVIV,A*02:01
312,CASSSPGQGNYEQY,LLFGYPVMV,A*02:01
313,CASSSPGQGNYEQY,LLFGYPVFV,A*02:01
314,CASSSPGQGNYEQY,LLFGYPVWV,A*02:01
315,CASSSPGQGNYEQY,LLFGYPVHV,A*02:01
316,CASSSPGQGNYEQY,LLFGYPVRV,A*02:01
317,CASSSPGQGNYEQY,LLFGYPVKV,A*02:01
318,CASSSPGQGNYEQY,LLFGYPVDV,A*02:01
319,CASSSPGQGNYEQY,LLFGYPVEV,A*02:01
320,CASSSPGQGNYEQY,LLFGYPVNV,A*02:01
321,CASSSPGQGNYEQY,LLFGYPVQV,A*02:01
322,CASSSPGQGNYEQY,LLFGYPVSV,A*02:01
323,CASSSPGQGNYEQY,LLFGYPVTV,A*02:01
324,CASSTPGQGAYEQY,LLFGYPVVV,A*02:01
325,CASSTPGQGAYEQY,LLFGYPVLV,A*02:01
326,CASSTPGQGAYEQY,LLFGYPVIV,A*02:01
327,CASSTPGQGAYEQY,LLFGYPVMV,A*02:01
328,CASSTPGQGAYEQY,LLFGYPVFV,A*02:01
329,CASSTPGQGAYEQY,LLFGYPVWV,A*02:01
330,CASSTPGQGAYEQY,LLFGYPVHV,A*02:01
331,CASSTPGQGAYEQY,LLFGYPVRV,A*02:01
332,CASSTPGQGAYEQY,LLFGYPVKV,A*02:01
333,CASSTPGQGAYEQY,LLFGYPVEV,A*02:01
334,CASSTPGQGAYEQY,LLFGYPVNV,A*02:01
335,CASSTPGQGAYEQY,LLFGYPVQV,A*02:01
336,CASSTPGQGAYEQY,LLFGYPVSV,A*02:01
337,CASSTPGQGAYEQY,LLFGYPVTV,A*02:01
338,CASSYPGQGEHEQY,LLFGYPVVV,A*02:01
339,CASSYPGQGEHEQY,LLFGYPVLV,A*02:01
340,CASSYPGQGEHEQY,LLFGYPVIV,A*02:01
341,CASSYPGQGEHEQY,LLFGYPVMV,A*02:01
342,CASSYPGQGEHEQY,LLFGYPVFV,A*02:01
343,CASSYPGQGEHEQY,LLFGYPVWV,A*02:01
344,CASSYPGQGEHEQY,LLFGYPVHV,A*02:01
345,CASSYPGQGEHEQY,LLFGYPVRV,A*02:01
346,CASSYPGQGEHEQY,LLFGYPVKV,A*02:01
347,CASSYPGQGEHEQY,LLFGYPVDV,A*02:01
348,CASSYPGQGEHEQY,LLFGYPVEV,A*02:01
349,CASSYPGQGEHEQY,LLFGYPVNV,A*02:01
350,CASSYPGQGEHEQY,LLFGYPVQV,A*02:01
351,CASSYPGQGEHEQY,LLFGYPVSV,A*02:01
352,CASSYPGQGEHEQY,LLFGYPVTV,A*02:01
353,CASSSPGTGVNEQF,LLFGYPVVV,A*02:01
354,CASSSPGTGVNEQF,LLFGYPVLV,A*02:01
355,CASSSPGTGVNEQF,LLFGYPVIV,A*02:01
356,CASSSPGTGVNEQF,LLFGYPVMV,A*02:01
357,CASSSPGTGVNEQF,LLFGYPVFV,A*02:01
358,CASSSPGTGVNEQF,LLFGYPVWV,A*02:01
359,CASSSPGTGVNEQF,LLFGYPVHV,A*02:01
360,CASSSPGTGVNEQF,LLFGYPVRV,A*02:01
361,CASSSPGTGVNEQF,LLFGYPVKV,A*02:01
362,CASSSPGTGVNEQF,LLFGYPVEV,A*02:01
363,CASSSPGTGVNEQF,LLFGYPVNV,A*02:01
364,CASSSPGTGVNEQF,LLFGYPVQV,A*02:01
365,CASSSPGTGVNEQF,LLFGYPVSV,A*02:01
366,CASSSPGTGVNEQF,LLFGYPVTV,A*02:01
367,CASSGTSGTEQYF,GILGFVFTL,A*02:01
368,CASSIRSGAEQYF,GILGFVFTL,A*02:01
369,CASSLRAAYEQYF,GILGFVFTL,A*02:01
370,CSSVRSADTQYF,GILGFVFTL,A*02:01
371,CASSIFSVSNEQYF,GILGFVFTL,A*02:01
372,CASSGTGAGEQYF,GILGFVFTL,A*02:01
373,CASSVGQPQHF,GILGFVFTL,A*02:01
374,CASSVRSSGEQFF,GILGFVFTL,A*02:01
375,CASSLIFPGRAFF,GILGFVFTL,A*02:01
376,CSARDRIGNTIYF,GLCTLVAML,A*02:01
377,CSARPDSDYGYTF,GLCTLVAML,A*02:01
378,CSARSGVVNTIYF,GLCTLVAML,A*02:01
379,CSARWGVGNTIYF,GLCTLVAML,A*02:01
380,CASSQGDVAPGTQYF,GLCTLVAML,A*02:01
381,CASSDGQLTAGELFF,GLCTLVAML,A*02:01
382,CASSRLGDYTF,GLCTLVAML,A*02:01
383,CSARTEGAEAFF,CVNGSCFTV,A*02:01
384,CASSYWTGSSAETQYF,CINGVCWTV,A*02:01
385,CSARTSGDFGEQFF,CINGVCWTV,A*02:01
386,CASSQESGTEAFFG,CINGVCWTV,A*02:01
387,CASTIGSSEKLFF,CINGVCWTV,A*02:01
388,CASSQVQTEPSGYTF,CINGVCWTV,A*02:01
389,CASSQEVTVPTYEQYF,CINGVCWTV,A*02:01
390,CASSSWDTGELF,RYPLTFGWCF,A*24
391,CASSSWDTGELF,RFPLTFGWCF,A*24
392,CASSSWDTGELF,RYPLTLGWCF,A*24
393,CASSGASHEQY,RYPLTFGWCF,A*24
394,CASSGASHEQY,RFPLTFGWCF,A*24
395,CASSPTSGIYEQY,RYPLTFGWCF,A*24
396,CASSPTSGIYEQY,RFPLTFGWCF,A*24
397,CSVLKVGTSGFNEQF,QVPLRPMTYK,A*11:01
398,CSVPKVGTSGFNEQF,QVPLRPMTYK,A*11:01
399,CSVPKTGTSGFNEQF,QVPLRPMTYK,A*11:01
400,CSVVAGGPGDTQY,QVPLRPMTYK,A*11:01
401,CASSVSGFSTDTQY,QVPLRPMTYK,A*11:01
402,CASRETGWGNQPQH,QVPLRPMTYK,A*03:01
403,CASSETNRVEMEAF,QVPLRPMTYK,A*03:01
404,CATSAGRQRDTGELF,QVPLRPMTYK,A*03:01
405,CASSKYNEQF,QVPLRPMTYK,A*03:01
406,CASSPPGQVGANVLT,QVPLRPMTYK,A*03:01
407,CASSYSRGSGNTIY,QVPLRPMTYK,A*03:01
408,CASSPYRGPNTEAF,QVPLRPMTYK,A*03:01
409,CAISAGASFVTRSTDTQY,QVPLRPMTYK,A*03:01
410,CAIRSTDTQY,QVPLRPMTYK,A*03:01
411,CASRQQGFVFEAKNIQY,QVPLRPMTYK,A*03:01
412,CSAPTSGSAAF,QVPLRPMTYK,A*03:01
413,CASRDSIQFSSNQPQH,QVPLRPMTYK,A*03:01
414,CASSYSMTSGSFSDLGAKNIQY,QVPLRPMTYK,A*03:01
415,CASRPGPVKNTGELF,QVPLRPMTYK,A*03:01
416,CASSLYHNTGELF,QVPLRPMTYK,A*03:01
417,CASSGGAHFSKIPLAGYNEQF,QVPLRPMTYK,A*03:01
418,CASSRTDFTAGELF,QVPLRPMTYK,A*03:01
419,CASSLTGHPYEQY,QVPLRPMTYK,A*03:01
420,CASSPGEKYEQY,QVPLRPMTYK,A*03:01
421,CSARGAGGFTHYEQY,QVPLRPMTYK,A*03:01
422,CASSLVGFANTGELF,QVPLRPMTYK,A*03:01
423,CASSSSGRGLGIQY,QVPLRPMTYK,A*03:01
424,CASGEVGELF,QVPLRPMTYK,A*03:01
425,CASSVRTGELF,QVPLRPMTYK,A*11:01
426,CASSERDSQYQETQY,QVPLRPMTYK,A*11:01
427,CASSARAFPEGNQPQH,QVPLRPMTYK,A*11:01
428,CASSYSGQGAAGELF,QVPLRPMTYK,A*11:01
429,CASSPVLYEQY,QVPLRPMTYK,A*11:01
430,CASSVRTGELF,QVPLRPMTYK,A*03:01
431,CASSERDSQYQETQY,QVPLRPMTYK,A*03:01
432,CASSARAFPEGNQPQH,QVPLRPMTYK,A*03:01
433,CASSYSGQGAAGELF,QVPLRPMTYK,A*03:01
434,CASSPVLYEQY,QVPLRPMTYK,A*03:01
435,CASSYQGTEAF,ILAKFLHWL,A*02:01
436,CGIQPQGTEAF,ILAKFLHWL,A*02:01
437,CASSLTGGGELFF,TAFTIPSI ,B*51:01
438,CATSDLQGVRGVNEQF,TAFTIPSI ,B*51:01
439,CASSLTGGGKLFF,TAFTIPSI ,B*51:01
440,CASSPPGGTADTQYF,TAFTIPSI ,B*51:01
441,CASSSGRGGEQYF,TAFTIPSI ,B*51:01
442,CASSLTGGNTIYF,TAFTIPSI ,B*51:01
443,CASSSTGGNTIYF,TAFTIPSI ,B*51:01
444,CASSLTGNTEAFF,TAFTIPSI ,B*51:01
445,CASSTRDPRQTQYF,TAFTIPSI ,B*51:01
446,CASSLWLPKETQYF,TAFTIPSI ,B*51:01
447,CASRKWNGELFF,TAFTIPSI ,B*51:01
448,CSVEGPLAGEADTQYF,TAFTIPSI ,B*51:01
449,CASSPPGGRADTQYF,TAFTIPSI ,B*51:01
450,CASAQGRGTEAFF,TAFTIPSI ,B*51:01
451,CASSNPIVPQETQYF,TAFTIPSI ,B*51:01
452,CASSRGAESYNSPLHF,TAFTIPSI ,B*51:01
453,CASSLTGGARARLFF,TAFTIPSI ,B*51:01
454,CASSRRGEGHNEQFF,TAFTIPSI ,B*51:01
455,CASSLGTLNEQFF,TPQDLNTML,B*42
456,CASSLGTLNEQFF,TPQDLNTML,B*81
457,CASSSSLTGVTSYNEQFF,TPQDLNTML,B*42
458,CASSFSKNTEAFF,TPQDLNTML,B*42
459,CASSFSKNTEAFF,TPQDLNTML,B*81
460,CASSHSKNTEAFF,TPQDLNTML,B*42
461,CASSYSKNTEAFF,TPQDLNTML,B*42
462,CASKQGVAEAFF,TPQDLNTML,B*42
463,CASSLGIDAIYF,TPQDLNTML,B*42
464,CASSHSKNTEAFF,TPQDLNTML,B*81
465,CASSYSKNTEAFF,TPQDLNTML,B*81
466,CASKQGVAEAFF,TPQDLNTML,B*81
467,CASSLGIDAIYF,TPQDLNTML,B*81
468,CASSGQGYGYA,KAFSPEVIPMF,B*57:01
469,CASTGGGYGYT,KAFSPEVIPMF,B*57:01
470,CASSGQDYGYT,KAFSPEVIPMF,B*57:01
471,CASTGSGYGYT,KAFSPEVIPMF,B*57:01
472,CASSGQEYGYT,KAFSPEVIPMF,B*57:01
473,CASTDSYGYT,KAFSPEVIPMF,B*57:01
474,CATTDTYGYT,KAFSPEVIPMF,B*57:01
475,CATTGTYGYT,KAFSPEVIPMF,B*57:01
476,CASSSRQNYGYT,KAFSPEVIPMF,B*57:01
477,CASSGQLYGYT,KAFSPEVIPMF,B*57:01
478,CASSATYGYT,KAFSPEVIPMF,B*57:01
479,CASTGTAYGYT,KAFSPEVIPMF,B*57:01
480,CASTGTDYGYT,KAFSPEVIPMF,B*57:01
481,CASSGQNYGYT,KAFSPEVIPMF,B*57:01
482,CASSGRNYGYT,KAFSPEVIPMF,B*57:01
483,CAGTGTAYGYT,KAFSPEVIPMF,B*57:01
484,CAWTGTNYGYT,KAFSPEVIPMF,B*57:01
485,CASSREVYGYT,KAFSPEVIPMF,B*57:01
486,CASSTSYGYT,KAFSPEVIPMF,B*57:01
487,CASNSREVYGYT,KAFSPEVIPMF,B*57:01
488,CAAGGQFYGYT,KAFSPEVIPMF,B*57:01
489,CASSGGSYGYT,KAFSPEVIPMF,B*57:01
490,CATTGSYGYT,KAFSPEVIPMF,B*57:01
491,CASTGGQYGYT,KAFSPEVIPMF,B*57:01
492,CASTGGSYGYT,KAFSPEVIPMF,B*57:01
493,CASSGTSYGYT,KAFSPEVIPMF,B*57:01
494,CSARLRDRGYEQY,KAFSPEVIPMF,B*57:01
495,CASSRQGFT,KAFSPEVIPMF,B*57:03
496,CASSPRDSKETQY,KAFSPEVIPMF,B*57:03
497,CASSLAGGQETQY,KAFSPEVIPMF,B*57:03
498,CASSLAGTQETQY,KAFSPEVIPMF,B*57:03
499,CASSSAGTQETQY,KAFSPEVIPMF,B*57:03
500,CVSSLAGTQETQY,KAFSPEVIPMF,B*57:03
501,CASTASYGYT,KAFSPEVIPMF,B*57:03
502,CASSLGASISYEQY,KAFSPEVIPMF,B*57:03
503,CATSGEGQGGPYGYT,KAFSPEVIPMF,B*57:03
504,CAGSLSNGYT,KAFSPEVIPMF,B*57:03
505,CASSVGEGFDIQY,KAFSPEVIPMF,B*57:03
506,CASSSLIRGLGNQPQH,KAFSPEVIPMF,B*57:03
507,CASSESRMGSQANYGYT,KAFSPEVIPMF,B*57:03
508,CVSSESRMGSQANYGYT,KAFSPEVIPMF,B*57:03
509,CASSLAETSADGYT,KAFSPEVIPMF,B*57:03
510,CASSSFLSSGETQY,KAFSPEVIPMF,B*57:03
511,CANSSFLSSGETQY,KAFSPEVIPMF,B*57:03
512,CASTGTYGYT,KAFSPEVIPMF,B*57:01
513,CASTGTYGYT,KGFSPEVIPMF,B*57:01
514,CASTGTYGYT,KNFSPEVIPMF,B*57:01
515,CASTGTYGYT,KGFNPEVIPMF,B*57:01
516,CASTGTYGYT,KGFKPEVIPMF,B*57:01
517,CASTGTYGYT,KAFSPEVIPMF,B*57:03
518,CASTGTYGYT,KGFSPEVIPMF,B*57:03
519,CASTGTYGYT,KNFSPEVIPMF,B*57:03
520,CATSEAANTGELF,QASQEVKNW,B*58
521,CASSSGDETQY,QASQEVKNW,B*58
522,CASSMIQGADTQY,TPQDLNTML,B*42
523,CASSLGLREQF,TPQDLNTML,B*42
524,CASSFGQGAIEQY,KRWIILGLNK,B*27
525,CASSQDRMDRAGEQY,KRWIILGLNK,B*27
526,CASSLVLAIEQY,KRWIILGLNK,B*27
527,CASSLEGGAALWDTQY,KRWIILGLNK,B*27
528,CASSQDQALYFMNTEAF,KRWIILGLNK,B*27
529,CASSLSSGSSYEQY,KRWIILGLNK,B*27
530,CASSSGETGNTEAF,QASQEVKNW,B*58
531,CAWSVFSGAYEQY,QASQEVKNW,B*58
532,CASSLLTLARENTEAF,QASQEVKNW,B*58
533,CASSPVSGEDEQY,QASQEVKNW,B*58
534,CASSSPGTGSGELF,QASQEVKNW,B*58
535,CAISAPDIAGNTIY,QASQEVKNW,B*58
536,CASSVGPGQTEAF,QASQEVKNW,B*58
537,CASSVEIGQTEAF,QASQEVKNW,B*58
538,CATSEANNTGELF,QASQEVKNW,B*58
539,CASSYGGTGPEGSSYEQY,TPQDLNTML,B*42
540,CASSMUQGADTQY,TPQDLNTML,B*42
541,CASSSRDREETQY,TPQDLNTML,B*42
542,CASSQGQLGNTIY,KRWIILGLNK,B*27
543,CASSLGGTNHGYT,KRWIILGLNK,B*27
544,CASSPGTGKNIQY,KRWIILGLNK,B*27
545,CASSQEGVNTEAF,KRWIILGLNK,B*27
546,CASSQAQGLSNSPLH,KRWIILGLNK,B*27
547,CASSRTQGPNTDTQY,KRWIILGLNK,B*27
548,CASSLDHLAGVNNEQF,KRWIILGLNK,B*27
549,CASSGQLLEAF,KRWIILGLNK,B*27
550,CASSLEGSRNTEAF,KRWIILGLNK,B*27
551,CASSQPPDRGYGYT,KRWIILGLNK,B*27
552,CASSLVGSYNEQF,KRWIILGLNK,B*27
553,CASSTTSGRYEQY,KRWIILGLNK,B*27
554,CASSLSSDEHGYT,KRWIILGLNK,B*27
555,CASSLGQTNYGYTF,GADGVGKSAL,C*05:01
556,CASSLGQTNYGYTF,GADGVGKSAL,C*08:02
557,CAWSAASGGAQDTQYF,MLFSHGLVK,A*03:01
558,CAWSAASGGAQDTQYF,EMLFSHGLVK,A*03:01
559,CASSPVYGVAYEQYF,LLQCTQQAV,A*02:01
560,CASSDLPGAPTDTQYF,ILCETCLIV,A*02:01
561,CASSLAGSKLYEQYF,EHEGSGPEL,B*38:01
562,CASSLAGSKLYEQYF,SEHEGSGPEL,B*38:01
563,CASSPGTVKETQYF,MLFSHGLVK,A*03:01
564,CASSPGTVKETQYF,EMLFSHGLVK,A*03:01
565,CASSQDRGIGYGYTF,LLQCTQQAV,A*02:01
566,CASSLGQAYEQY,FLRGRAYGL,B*08:01
567,CASSIGVYGYT,GILGFVFTL,A*02:01
568,CAWSETGLGTGELF,ELAGIGILTV,A*02:01
569,CASSYVGNTGELF,SLLMWITQC,A*02:01
570,CASSARSGELF,HPVGEADYFEY,B*35:01
571,CASRTRGGTLIEQY,IPLTEEAEL,B*35:01
572,CASSPVTGGIYGYT,NLVPMVATV,A*02:01
573,CAWSETGLGTGELF,EAAGIGILTV,A*02:01
574,CASSFNMATGQY,EVDPIGHLY,A*01:01
575,CSARDGTGNGYT,GLCTLVAML,A*02:01
576,CASSLGQGLLYGYT,GTSGSPIINR,A*11:01
577,CASSLGQGLLYGYT,GTSGSPIVNR,A*11:01
578,CASSLRGRGDQPQH,HSKKKCDEL,B*08:01
579,CASSLEGGYYNEQF,IPSINVHHY,B*35:01
580,CASRRGPYEQY,KLVALGINAV,A*02:01
581,CASREGLGGTEAF,KRWIILGLNK,B*27:05
582,CASRPGLAGGRPEQY,LGYGFVNYI,A*02:01
583,CASRPGLAGGRPEQY,LLFGYAVYV,A*02:01
584,CASRPGLAGGRPEQY,LLFGYPVAV,A*02:01
585,CASRPGLAGGRPEQY,LLFGFPVYV,A*02:01
586,CASSYVGNTGELF,SLLMWITQV,A*02:01
587,CASSFIGGTDTQY,YLEPGPVTV,A*02:01
588,CASSLTGGGELF,TAFTIPSI,B*51:01
589,CASSLWEKLAKNIQY,ALWGPDPAAA,A*02:01
590,CASSLWEKLAKNIQY,RQWGPDPAAV,A*02:01
591,CASSDTVSYEQY,SLFNTIAVL,A*02:01
592,CASSDTVSYEQY,SLYNTIATL,A*02:01
593,CASSPTSGIYEQY,RFPLTFGWCF,A*24:02
594,CASSSWDTGELF,RYPLTLGWCF,A*24:02
595,CASSARSGELF,HPVGQADYFEY,B*35:01
596,CASSFNMATGQY,ESDPIVAQY,A*01:01
597,CASSSRSSYEQY,GILGLVFTL,A*02:01
598,CASSLWEKLAKNIQY,MVWGPDPLYV,A*02:01
599,CASSLWEKLAKNIQY,RQFGPDFPTI,A*02:01
600,CASSLWEKLAKNIQY,RQFGPDWIVA,A*02:01
601,CASSLWEKLAKNIQY,YLGGPDFPTI,A*02:01
602,CASSLWEKLAKNIQY,YQFGPDFPIA,A*02:01
603,CASSPTSGSIYEQYF,GLCTLVAML,A*02:01
604,CSARTGAGNTIYF,GLCTLVAML,A*02:01
605,CSVGQDGTNEKLF,GLCTLVAML,A*02:01
606,CSVGRDGTNEKLF,GLCTLVAML,A*02:01
607,CSGVSGGTNEKLF,GLCTLVAML,A*02:01
608,CASSPLRGSNQPQHF,YVLDHLIVV,A*02:01
609,CASSIQGGNYGYTF,FLYALALLL,A*02:01
610,CASSYQGGSDGYTF,FLYALALLL,A*02:01
611,CASSYQGGSSGYTF,FLYALALLL,A*02:01
612,CASSYQGGGNYGYTF,FLYALALLL,A*02:01
613,CASSYQGGTNYGYTF,FLYALALLL,A*02:01
614,CASSPRHTDTQYF,GILGFVFTL,A*02:01
615,CASSTRHTDTQYF,GILGFVFTL,A*02:01
616,CASSYQTGANYGYTF,NLVPMVATV,A*02:01
617,CASSKGGTEAF,TLLANVTAV,A*02:01
618,CASSLGGTEAF,TLLANVTAV,A*02:01
